/*
INSERT INTO ADDRESS (ID, CITY, COUNTRY, EMAIL, HOUSE_NUMBER, MOBILE, PLZ, STREET, TELEPHON) VALUES
  (1, 'Witten', 'Deutschland', 'wwheeler@gigaclub.info', '6', '+49 205 14 74 475', '45789', 'Wulnerfeld',
   '+49 178 45 78 455'),
  (2, 'Yreka', 'Palau', 'pmurphy@einti.biz', '4816', '1-(314)437-7571', '62226-2998', 'Shelley', '6-(340)640-7573'),
  (3, 'Guadalupe', 'Bosnia and Herzegovina', 'awoods@quimba.mil', '3', '1-(250)848-5927', '38818-5818', 'Arrowood',
   '5-(025)336-8180'),
  (4, 'Santa Ana', 'Cocos (Keeling) Island', 'jray@einti.info', '56189', '1-(202)587-0783', '35276-2322', 'Raven',
   '3-(525)873-1593'),
  (5, 'Chula Vista', 'Western Sahara', 'rnichols@feedfire.name', '195', '5-(391)356-8322', '94467', 'Aberg',
   '7-(284)991-5829'),
  (6, 'Palm Desert', 'Uruguay', 'tbell@jabberbean.name', '529', '4-(622)715-9510', '50023-3436', 'Loeprich',
   '5-(086)582-1502'),
  (7, 'Los Altos', 'Serbia', 'jtucker@aibox.com', '17', '4-(303)433-5321', '14698', 'Longview', '3-(132)026-9162'),
  (8, 'Martinez', 'Croatia', 'rryan@browsecat.org', '5', '7-(523)728-7944', '21468-9545', 'Katie', '5-(283)432-6329'),
  (9, 'Nevada City', 'Paraguay', 'sgreene@twitterbeat.name', '37670', '5-(588)434-3854', '79843-6599', 'Manitowish',
   '6-(380)576-9555'),
  (10, 'Tracy', 'Saint Martin', 'jwright@tavu.net', '162', '4-(108)356-2935', '04538', 'Independence',
   '4-(348)558-7430');

INSERT INTO EMPLOYEE (ID, AFM_NUMBER, BIRTH_DATE, CHILDREN_QUANTITY, FIRST_NAME, IKA_NUMBER, LAST_NAME, MARRIED, NUMBER, ADDRESS_ID, MANUFACTURE_ID)
VALUES
  (1, '71448', DATE '1975-06-15', 2, 'Katherine', '51563', 'Stevens', TRUE, '13106', NULL, NULL);
--   ,
--   (2, '58246', DATE '1976-05-29', 4, 'Joe', '83037', 'Myers', FALSE, '79948', NULL, NULL),
--   (3, '76686', DATE '1977-10-03', 3, 'Theresa', '72699', 'Gray', TRUE, '65027', NULL, NULL),
--   (4, '63346', DATE '1972-05-31', 9, 'Jose', '77706', 'Porter', TRUE, '33431', NULL, NULL),
--   (5, '65369', DATE '1972-10-17', 6, 'Lori', '74533', 'Davis', FALSE, '84982', NULL, NULL),
--   (6, '76617', DATE '1974-06-12', 2, 'Michelle', '72858', 'Jones', FALSE, '29119', NULL, NULL),
--   (7, '68418', DATE '1976-07-08', 3, 'Justin', '84562', 'Reyes', FALSE, '37860', NULL, NULL),
--   (8, '77970', DATE '1977-05-11', 2, 'Christine', '63179', 'Montgomery', FALSE, '55642', NULL, NULL),
--   (9, '78102', DATE '1973-01-25', 0, 'Stephen', '87547', 'Hanson', TRUE, '92629', NULL, NULL),
--   (10, '56613', DATE '1971-02-14', 0, 'Jennifer', '89962', 'Mendoza', TRUE, '73321', NULL, NULL);


INSERT INTO WORK_STATION (ID, CITY, CLIENT, COUNTRY, HOUSE_NUMBER, NAME, PLZ, STREET) VALUES
  (1, 'Gelsenkirchen', 'Mahmut Can', 'Deutschland', '279', 'Codenorm', '41473', 'Stader Weg'),
  (2, 'Brawley', 'Matthew Williams', 'Belgium', '60', 'Eabox', '17897', 'Talisman'),
  (3, 'Watsonville', 'Justin Powell', STRINGDECODE('\u00c5land'), '8', 'Buzzshare', '35999', 'South'),
  (4, 'Santa Paula', 'Joshua Hart', 'Bosnia and Herzegovina', '05748', 'Demivee', '27035', 'Butternut'),
  (5, 'Hanford', 'Cynthia Ward', 'Netherlands', '75', 'Skinder', '18685', 'Sugar');


INSERT INTO MANUFACTURE (ID, DRESS_SIZE, SHOE_SIZE) VALUES
  (1, 67, 51);
--   (2, 65, 37),
--   (3, 53, 44),
--   (4, 66, 52),
--   (5, 54, 44),
--   (6, 42, 52),
--   (7, 86, 38),
--   (8, 47, 50),
--   (9, 58, 53),
--   (10, 51, 46);


INSERT INTO SKILL (ID, NAME) VALUES
  (1, 'Schleifer'),
  (2, 'Spritzer'),
  (3, 'Yachtspachtler'),
  (4, 'Schlosser'),
  (5, 'Sandstrahler'),
  (6, 'Laminierer'),
  (7, STRINGDECODE('Schwei\u00dfer')),
  (8, 'Finalist');


INSERT INTO EMPLOYEE_SKILLS (EMPLOYEE_ID, SKILLS_ID) VALUES (1, 1);
-- INSERT INTO EMPLOYEE_SKILLS (EMPLOYEE_ID, SKILLS_ID) VALUES (1, 2);
-- INSERT INTO EMPLOYEE_SKILLS (EMPLOYEE_ID, SKILLS_ID) VALUES (1, 3);
-- INSERT INTO EMPLOYEE_SKILLS (EMPLOYEE_ID, SKILLS_ID) VALUES (1, 4);
-- INSERT INTO EMPLOYEE_SKILLS (EMPLOYEE_ID, SKILLS_ID) VALUES (1, 5);
-- INSERT INTO EMPLOYEE_SKILLS (EMPLOYEE_ID, SKILLS_ID) VALUES (1, 6);
-- INSERT INTO EMPLOYEE_SKILLS (EMPLOYEE_ID, SKILLS_ID) VALUES (2, 3);
-- INSERT INTO EMPLOYEE_SKILLS (EMPLOYEE_ID, SKILLS_ID) VALUES (3, 4);
-- INSERT INTO EMPLOYEE_SKILLS (EMPLOYEE_ID, SKILLS_ID) VALUES (4, 1);
-- INSERT INTO EMPLOYEE_SKILLS (EMPLOYEE_ID, SKILLS_ID) VALUES (5, 4);
-- INSERT INTO EMPLOYEE_SKILLS (EMPLOYEE_ID, SKILLS_ID) VALUES (6, 6);
-- INSERT INTO EMPLOYEE_SKILLS (EMPLOYEE_ID, SKILLS_ID) VALUES (7, 8);
-- INSERT INTO EMPLOYEE_SKILLS (EMPLOYEE_ID, SKILLS_ID) VALUES (8, 7);
-- INSERT INTO EMPLOYEE_SKILLS (EMPLOYEE_ID, SKILLS_ID) VALUES (9, 2);
-- INSERT INTO EMPLOYEE_SKILLS (EMPLOYEE_ID, SKILLS_ID) VALUES (10, 7);


INSERT INTO CERTIFICATE (ID, NAME) VALUES (1, 'SCC');
INSERT INTO CERTIFICATE (ID, NAME) VALUES (2, 'ISO-9411');
INSERT INTO CERTIFICATE (ID, NAME) VALUES (3, 'ISO-7411');
INSERT INTO CERTIFICATE (ID, NAME) VALUES (4, 'LESKA-12');
INSERT INTO CERTIFICATE (ID, NAME) VALUES (5, 'IATOK');
INSERT INTO CERTIFICATE (ID, NAME) VALUES (6, 'TUMHAM');
INSERT INTO CERTIFICATE (ID, NAME) VALUES (10, 'SATYA');


INSERT INTO EMPLOYEE_WORK_STATION (id, FROM_DATE, UNTIL_DATE, EMPLOYEE_ID, WORK_STATION_ID)
VALUES (1, '2013-09-01', '2013-10-13', 6, 1);
INSERT INTO EMPLOYEE_WORK_STATION (id, FROM_DATE, UNTIL_DATE, EMPLOYEE_ID, WORK_STATION_ID)
VALUES (2, '2014-08-26', '2014-03-25', 5, 2);
INSERT INTO EMPLOYEE_WORK_STATION (id, FROM_DATE, UNTIL_DATE, EMPLOYEE_ID, WORK_STATION_ID)
VALUES (3, '2013-09-30', '2014-01-06', 10, 4);
INSERT INTO EMPLOYEE_WORK_STATION (id, FROM_DATE, UNTIL_DATE, EMPLOYEE_ID, WORK_STATION_ID)
VALUES (4, '2014-04-10', '2014-02-04', 1, 1);
INSERT INTO EMPLOYEE_WORK_STATION (id, FROM_DATE, UNTIL_DATE, EMPLOYEE_ID, WORK_STATION_ID)
VALUES (5, '2014-02-13', '2014-08-18', 2, 3);
INSERT INTO EMPLOYEE_WORK_STATION (id, FROM_DATE, UNTIL_DATE, EMPLOYEE_ID, WORK_STATION_ID)
VALUES (6, '2014-03-27', '2014-07-31', 3, 3);
INSERT INTO EMPLOYEE_WORK_STATION (id, FROM_DATE, UNTIL_DATE, EMPLOYEE_ID, WORK_STATION_ID)
VALUES (7, '2014-07-05', '2014-04-28', 4, 4);
INSERT INTO EMPLOYEE_WORK_STATION (id, FROM_DATE, UNTIL_DATE, EMPLOYEE_ID, WORK_STATION_ID)
VALUES (8, '2013-12-30', '2014-06-01', 10, 5);
INSERT INTO EMPLOYEE_WORK_STATION (id, FROM_DATE, UNTIL_DATE, EMPLOYEE_ID, WORK_STATION_ID)
VALUES (9, '2014-02-16', '2014-07-08', 2, 1);
INSERT INTO EMPLOYEE_WORK_STATION (id, FROM_DATE, UNTIL_DATE, EMPLOYEE_ID, WORK_STATION_ID)
VALUES (10, '2013-09-28', '2014-03-06', 8, 4);



INSERT INTO EMPLOYEE_CERTIFICATE (id, FROM_DATE, UNTIL_DATE, EMPLOYEE_ID, CERTIFICATE_ID, FILE_NAME, FILE_NAME_ORGINAL)
VALUES (1, '2014-05-02', '2014-03-29', 1, 3, '1917.pdf', '1917.pdf');
INSERT INTO EMPLOYEE_CERTIFICATE (id, FROM_DATE, UNTIL_DATE, EMPLOYEE_ID, CERTIFICATE_ID, FILE_NAME, FILE_NAME_ORGINAL)
VALUES (2, '2013-12-07', '2013-11-29', 1, 1, '3977.pdf', '1917.pdf');
INSERT INTO EMPLOYEE_CERTIFICATE (id, FROM_DATE, UNTIL_DATE, EMPLOYEE_ID, CERTIFICATE_ID, FILE_NAME, FILE_NAME_ORGINAL)
VALUES (3, '2014-02-15', '2014-04-24', 1, 2, '0652.pdf', '1917.pdf');
INSERT INTO EMPLOYEE_CERTIFICATE (id, FROM_DATE, UNTIL_DATE, EMPLOYEE_ID, CERTIFICATE_ID, FILE_NAME, FILE_NAME_ORGINAL)
VALUES (4, '2014-01-01', '2013-09-03', 1, 3, '8733.pdf', '1917.pdf');
INSERT INTO EMPLOYEE_CERTIFICATE (id, FROM_DATE, UNTIL_DATE, EMPLOYEE_ID, CERTIFICATE_ID, FILE_NAME, FILE_NAME_ORGINAL)
VALUES (5, '2014-07-18', '2014-07-28', 1, 1, '5242.pdf', '1917.pdf');
INSERT INTO EMPLOYEE_CERTIFICATE (id, FROM_DATE, UNTIL_DATE, EMPLOYEE_ID, CERTIFICATE_ID, FILE_NAME, FILE_NAME_ORGINAL)
VALUES (6, '2013-12-02', '2014-04-30', 1, 4, '0486.pdf', '1917.pdf');

UPDATE EMPLOYEE
SET ADDRESS_ID = ID;

UPDATE EMPLOYEE
SET MANUFACTURE_ID = ID;


INSERT INTO JHI_AUTHORITY (NAME) VALUES
  ('ROLE_ADMIN'),
  ('ROLE_USER');


INSERT INTO JHI_USER (login, PASSWORD, first_name, last_name, email, activated, lang_key, created_by, CREATED_DATE)
VALUES
  ('admin', '$2a$10$gSAhZrxMllrbgj/kkK9UceBPpChGWJA7SYIb1Mqo.n5aNLq1/oRrC', 'Administrator', 'Administrator',
   'admin@localhost', TRUE, 'en', 'system', '2002-01-01');


INSERT INTO JHI_USER_AUTHORITY (user_id, authority_name) VALUES
  (1, 'ROLE_ADMIN'),
  (1, 'ROLE_USER');


INSERT INTO EMPLOYEE_PAYMENT_FORM (ID, PAYMENT_METHOD, RATE, FROM_DATE, UNTIL_DATE, EMPLOYEE_ID) VALUES
(1,'HOURLY',8.6,'2013-1-01','2013-2-28',1 );
INSERT INTO EMPLOYEE_PAYMENT_FORM (ID, PAYMENT_METHOD, RATE, FROM_DATE, UNTIL_DATE, EMPLOYEE_ID) VALUES
(2,'DAILY',75,'2013-3-01','2013-5-31',10 );
INSERT INTO EMPLOYEE_PAYMENT_FORM (ID, PAYMENT_METHOD, RATE, FROM_DATE, UNTIL_DATE, EMPLOYEE_ID) VALUES
(3,'FIX',1250,'2013-6-01',NULL,10 );
INSERT INTO EMPLOYEE_PAYMENT_FORM (ID, PAYMENT_METHOD, RATE, FROM_DATE, UNTIL_DATE, EMPLOYEE_ID) VALUES
(4,'FIX',2250,'2013-6-01',NULL,2 );




-- INSERT INTO WAGE(ID, QUANTITY, EMPLOYEE_PAYMENT_FORM_ID, WORK_STATION_ID,ENTRY_DATE) VALUES
--   (1, 8.0, 1, 4,'2013-1-01');
--    (2, 7.5, 1, 4,'2013-1-02'),
--    (3, 3.0, 1, 4,'2013-1-03'),
--    (4, 1.0, 2, 4,'2013-1-04'),
--    (5, 1.0, 2, 4,'2013-1-05'),
--    (6, 1.0, 3, 4,'2013-1-06'),
--    (7, 1.0, 3, 4,'2013-1-07'),
--    (8, 1.0, 4, 5,'2013-1-01');

INSERT INTO EMPLOYEE_PAYMENT_FORM (ID, PAYMENT_METHOD, RATE, EMPLOYEE_ID) VALUES
  (1, 'DAILY', 1250.00, 1);


INSERT INTO WAGE (ID, ENTRY_DATE, QUANTITY, AMOUNT, PAYMENT_METHOD, WORK_STATION_ID, EMPLOYEE_ID) VALUES
  (1, DATE '2015-04-01', 1.0, 110, 1, 1, 1);
INSERT INTO WAGE (ID, ENTRY_DATE, QUANTITY, AMOUNT, PAYMENT_METHOD, WORK_STATION_ID, EMPLOYEE_ID) VALUES
  (2, DATE '2015-04-02', 1.0, 120, 1, 2, 1);
INSERT INTO WAGE (ID, ENTRY_DATE, QUANTITY, AMOUNT, PAYMENT_METHOD, WORK_STATION_ID, EMPLOYEE_ID) VALUES
  (3, DATE '2015-04-03', 8, 75, 0, 3, 1);


INSERT INTO WORKING_HOUR (ID, CAUSE, DATE, QUANTITY, EMPLOYEE_ID, WORK_STATION_ID) VALUES
  (1, 'OFF', DATE '2015-03-11', 0.0, 1, 5),
  (2, 'OF', DATE '2015-03-12', 0.0, 1, 5),
  (3, NULL, DATE '2015-03-13', 2.0, 1, 5),
  (4, NULL, DATE '2015-03-14', 3.0, 1, 5),
  (5, NULL, DATE '2015-03-15', 4.0, 1, 5),
  (6, NULL, DATE '2015-03-16', 8.5, 1, 5),
  (7, NULL, DATE '2015-03-17', 9.5, 1, 5),
  (8, NULL, DATE '2015-03-18', 9.5, 1, 5);
*/
